,run_id,run_pos
0,21,28
1,32,14
2,5,4
3,32,42
4,12,24
5,31,72
6,24,26
7,32,49
8,9,13
9,31,37
10,18,149
11,31,80
12,22,28
13,22,32
14,8,20
15,17,17
16,17,37
17,28,43
18,26,75
19,0,0
20,31,34
21,9,5
22,12,52
23,26,23
24,0,25
25,14,14
26,21,36
27,27,3
28,31,25
29,9,15
30,0,19
31,0,43
32,10,4
33,25,12
34,11,5
35,8,51
36,31,68
37,22,29
38,23,25
39,1,8
40,21,17
41,30,1
42,10,9
43,1,42
44,14,12
45,27,1
46,18,150
47,21,57
48,25,24
49,18,65
50,2,10
51,4,8
52,0,26
53,25,63
54,22,4
55,12,1
56,10,51
57,10,47
58,17,7
59,12,8
60,25,36
61,26,20
62,6,44
63,29,10
64,18,76
65,25,3
66,26,43
67,26,35
68,25,74
69,18,49
70,2,45
71,8,4
72,18,77
73,24,36
74,1,0
75,10,20
76,4,3
77,21,49
78,6,14
79,10,34
80,0,17
81,31,88
82,24,7
83,20,3
84,10,7
85,14,21
86,25,66
87,18,134
88,0,6
89,1,22
90,6,27
91,18,110
92,21,58
93,21,51
94,2,57
95,12,25
96,19,5
97,30,13
98,9,11
99,31,51
100,21,54
101,28,50
102,19,2
103,18,156
104,21,11
105,23,3
106,0,83
107,28,19
108,6,53
109,7,29
110,1,36
111,21,31
112,18,166
113,8,5
114,0,61
115,18,13
116,18,183
117,14,11
118,22,3
119,29,21
120,31,82
121,28,4
122,6,11
123,7,41
124,9,9
125,25,16
126,26,40
127,26,55
128,17,40
129,0,49
130,7,33
131,18,45
132,21,20
133,18,121
134,14,7
135,0,48
136,0,78
137,0,10
138,1,11
139,2,47
140,0,92
141,31,44
142,9,29
143,6,13
144,2,0
145,28,6
146,31,4
147,30,7
148,27,15
149,17,30
150,0,13
151,2,33
152,2,46
153,29,23
154,18,30
155,21,5
156,28,5
157,2,31
158,18,1
159,12,32
160,26,22
161,21,4
162,8,33
163,24,30
164,7,55
165,9,32
166,18,146
167,21,35
168,10,25
169,21,10
170,31,32
171,31,90
172,7,47
173,25,76
174,26,81
175,29,29
176,17,27
177,19,26
178,18,14
179,29,28
180,4,2
181,31,93
182,25,84
183,29,36
184,7,6
185,9,33
186,18,189
187,31,3
188,17,18
189,27,9
190,10,38
191,28,48
192,19,14
193,6,55
194,10,49
195,13,5
196,12,21
197,20,17
198,2,56
199,8,17
200,26,10
201,6,6
202,13,3
203,18,180
204,30,15
205,18,126
206,17,43
207,3,2
208,8,42
209,29,9
210,28,30
211,7,32
212,8,13
213,22,30
214,24,16
215,3,3
216,3,0
217,1,14
218,28,32
219,17,54
220,26,7
221,4,0
222,18,59
223,18,58
224,9,39
225,31,7
226,19,19
227,18,63
228,7,15
229,20,2
230,32,18
231,10,48
232,18,135
233,25,81
234,31,22
235,2,29
236,14,29
237,18,188
238,21,48
239,31,56
240,0,84
241,18,86
242,5,9
243,5,5
244,22,37
245,28,11
246,18,197
247,6,51
248,14,19
249,18,37
250,22,39
251,3,15
252,6,35
253,0,15
254,31,62
255,30,25
256,3,12
257,27,5
258,0,96
259,14,5
260,24,33
261,8,29
262,24,13
263,19,6
264,18,97
265,20,10
266,7,2
267,18,128
268,5,0
269,18,112
270,20,15
271,26,88
272,28,68
273,29,2
274,21,44
275,14,27
276,31,33
277,8,3
278,14,34
279,18,28
280,10,8
281,25,57
282,24,31
283,7,10
284,26,33
285,9,54
286,7,14
287,18,217
288,6,0
289,18,214
290,6,23
291,0,80
292,28,22
293,0,34
294,6,8
295,6,3
296,9,45
297,1,32
298,0,65
299,25,13
300,9,24
301,18,136
302,23,13
303,31,73
304,32,37
305,26,92
306,25,49
307,0,73
308,17,6
309,26,77
310,13,8
311,9,52
312,17,34
313,31,28
314,28,40
315,25,5
316,28,45
317,26,3
318,17,50
319,2,5
320,18,40
321,0,45
322,1,31
323,25,50
324,31,74
325,18,152
326,18,25
327,7,0
328,7,45
329,23,2
330,5,3
331,24,18
332,3,1
333,2,49
334,14,23
335,8,0
336,30,30
337,7,38
338,26,21
339,12,18
340,18,26
341,1,6
342,25,69
343,29,32
344,1,47
345,2,35
346,18,75
347,26,85
348,0,77
349,5,1
350,9,0
351,28,29
352,10,44
353,8,48
354,18,147
355,7,48
356,2,17
357,28,58
358,10,22
359,19,29
360,2,36
361,18,68
362,25,38
363,18,70
364,18,130
365,28,65
366,31,61
367,7,11
368,26,25
369,1,9
370,0,24
371,4,1
372,0,11
373,32,44
374,6,31
375,28,27
376,9,25
377,14,49
378,26,44
379,12,48
380,14,50
381,18,140
382,26,29
383,18,154
384,29,27
385,28,52
386,31,57
387,32,11
388,6,33
389,22,11
390,18,115
391,1,4
392,15,6
393,10,35
394,10,19
395,22,33
396,5,2
397,28,62
398,29,22
399,14,56
400,2,18
401,8,1
402,18,213
403,25,2
404,8,37
405,28,46
406,0,54
407,6,42
408,25,59
409,18,94
410,31,5
411,31,18
412,23,24
413,18,196
414,32,26
415,21,55
416,23,16
417,19,33
418,1,7
419,32,48
420,18,55
421,28,36
422,31,35
423,18,33
424,18,179
425,12,47
426,29,4
427,8,7
428,2,30
429,31,58
430,18,41
431,31,71
432,9,1
433,23,17
434,18,193
435,18,155
436,30,3
437,24,41
438,25,67
439,14,38
440,0,36
441,10,0
442,1,33
443,29,43
444,18,50
445,0,23
446,19,12
447,30,24
448,12,5
449,8,21
450,31,59
451,23,18
452,0,3
453,18,101
454,4,7
455,28,14
456,7,19
457,29,34
458,28,67
459,27,6
460,14,4
461,19,24
462,29,15
463,12,38
464,23,27
465,18,107
466,11,0
467,23,15
468,0,38
469,32,32
470,25,19
471,32,38
472,18,27
473,20,20
474,12,55
475,21,29
476,31,2
477,6,22
478,12,22
479,8,23
480,0,86
481,31,23
482,7,40
483,1,19
484,31,76
485,0,47
486,21,1
487,25,86
488,26,66
489,10,10
490,24,15
491,24,6
492,25,9
493,10,2
494,25,56
495,25,51
496,26,72
497,12,46
498,25,39
499,17,25
500,24,17
501,28,35
502,28,10
503,7,3
504,0,4
505,12,41
506,22,34
507,10,42
508,0,76
509,18,92
510,8,8
511,12,0
512,2,1
513,6,4
514,31,20
515,1,1
516,10,54
517,32,15
518,18,8
519,21,52
520,17,14
521,10,26
522,1,41
523,32,47
524,32,17
525,28,31
526,30,8
527,27,12
528,17,31
529,31,47
530,16,2
531,7,61
532,19,10
533,29,11
534,6,12
535,2,20
536,7,60
537,13,0
538,19,3
539,18,16
540,9,37
541,0,46
542,18,118
543,14,25
544,18,5
545,18,67
546,19,15
547,9,27
548,29,44
549,19,16
550,14,53
551,3,7
552,14,15
553,18,46
554,18,195
555,29,31
556,18,106
557,31,41
558,9,47
559,31,70
560,9,30
561,26,30
562,8,30
563,10,32
564,32,45
565,6,32
566,27,11
567,18,89
568,0,62
569,19,31
570,8,27
571,28,8
572,17,41
573,30,19
574,7,28
575,25,46
576,25,52
577,0,21
578,8,43
579,7,66
580,17,23
581,4,9
582,12,15
583,26,64
584,3,6
585,32,53
586,8,2
587,27,2
588,7,65
589,21,23
590,10,46
591,29,37
592,12,44
593,18,168
594,29,18
595,12,6
596,26,69
597,0,70
598,29,20
599,25,60
600,21,7
601,10,43
602,25,37
603,22,16
604,7,9
605,31,31
606,16,1
607,31,67
608,32,50
609,18,31
610,18,158
611,24,14
612,18,133
613,17,35
614,3,5
615,12,7
616,9,8
617,2,7
618,31,55
619,32,39
620,4,6
621,31,77
622,1,44
623,25,73
624,1,48
625,21,34
626,31,9
627,0,42
628,3,17
629,7,34
630,8,50
631,6,41
632,6,50
633,17,32
634,14,0
635,18,79
636,31,86
637,0,53
638,25,79
639,18,208
640,18,160
641,21,13
642,18,191
643,8,11
644,0,28
645,9,44
646,24,29
647,25,28
648,6,43
649,18,74
650,0,91
651,9,49
652,26,84
653,8,9
654,25,48
655,10,14
656,26,5
657,24,1
658,29,3
659,14,26
660,25,58
661,22,43
662,14,22
663,4,12
664,22,31
665,15,2
666,9,50
667,31,53
668,24,37
669,14,55
670,15,1
671,20,12
672,23,6
673,17,38
674,19,22
675,10,5
676,7,20
677,12,19
678,18,120
679,25,6
680,25,32
681,26,67
682,28,60
683,18,104
684,18,20
685,18,132
686,25,72
687,24,19
688,26,6
689,31,52
690,10,50
691,28,51
692,31,17
693,18,84
694,8,35
695,19,30
696,26,11
697,10,24
698,18,186
699,18,66
700,18,35
701,6,5
702,12,23
703,25,42
704,15,4
705,10,27
706,12,27
707,25,35
708,20,7
709,22,36
710,18,119
711,18,200
712,18,116
713,22,38
714,24,39
715,12,26
716,10,28
717,26,47
718,22,23
719,18,138
720,28,21
721,17,28
722,2,4
723,9,19
724,7,54
725,15,0
726,19,21
727,16,0
728,23,14
729,29,30
730,25,26
731,0,90
732,1,43
733,0,39
734,32,33
735,30,4
736,19,17
737,10,21
738,18,202
739,32,25
740,0,58
741,10,40
742,14,16
743,19,20
744,8,38
745,27,7
746,18,23
747,31,16
748,2,53
749,4,10
750,10,55
751,24,12
752,21,18
753,9,6
754,1,27
755,7,18
756,14,33
757,0,1
758,5,7
759,0,9
760,0,63
761,21,56
762,26,12
763,0,79
764,2,61
765,2,12
766,31,75
767,28,15
768,7,36
769,19,9
770,3,13
771,11,3
772,2,26
773,0,94
774,20,5
775,24,23
776,0,88
777,8,24
778,10,29
779,26,4
780,30,9
781,18,64
782,6,49
783,1,17
784,7,7
785,29,13
786,31,42
787,29,16
788,18,177
789,26,58
790,10,17
791,19,4
792,25,61
793,28,24
794,18,203
795,10,30
796,17,0
797,9,53
798,27,18
799,18,0
800,6,9
801,32,21
802,17,55
803,12,2
804,27,8
805,28,7
806,31,40
807,9,17
808,18,172
809,6,56
810,32,28
811,31,24
812,7,68
813,31,89
814,21,47
815,26,2
816,3,8
817,25,43
818,7,1
819,28,64
820,31,64
821,7,43
822,12,35
823,21,14
824,22,40
825,18,60
826,27,13
827,18,96
828,25,8
829,1,29
830,28,44
831,6,38
832,0,55
833,26,32
834,32,51
835,19,0
836,21,25
837,31,69
838,14,35
839,2,28
840,21,46
841,18,164
842,18,7
843,9,14
844,0,100
845,9,26
846,2,32
847,26,82
848,3,4
849,0,20
850,23,7
851,2,52
852,18,69
853,29,17
854,5,6
855,6,19
856,26,79
857,7,53
858,24,34
859,9,28
860,18,161
861,8,53
862,8,45
863,17,16
864,12,51
865,25,7
866,21,39
867,16,3
868,22,22
869,12,10
870,2,58
871,18,61
872,26,42
873,23,10
874,14,47
875,25,31
876,18,176
877,19,32
878,19,8
879,18,32
880,29,5
881,7,22
882,32,9
883,24,28
884,28,26
885,25,20
886,9,36
887,12,49
888,0,33
889,22,24
890,26,41
891,24,11
892,12,31
893,8,44
894,28,55
895,31,65
896,23,26
897,32,40
898,1,25
899,9,2
900,9,46
901,26,63
902,2,13
903,30,26
904,18,212
905,23,20
906,19,13
907,31,60
908,11,6
909,18,123
910,0,82
911,20,0
912,14,42
913,12,14
914,24,8
915,17,53
916,18,18
917,9,38
918,17,1
919,26,24
920,28,2
921,25,54
922,18,42
923,2,59
924,32,46
925,7,37
926,25,1
927,20,13
928,31,10
929,1,5
930,10,13
931,6,10
932,18,43
933,2,63
934,21,12
935,17,2
936,14,44
937,5,8
938,25,27
939,18,162
940,28,47
941,24,4
942,26,48
943,0,56
944,31,19
945,2,6
946,21,15
947,18,21
948,7,25
949,22,35
950,18,141
951,7,13
952,7,26
953,18,39
954,22,21
955,18,174
956,20,19
957,7,49
958,21,2
959,6,18
960,18,184
961,26,87
962,23,12
963,6,26
964,18,113
965,1,2
966,6,54
967,32,41
968,32,16
969,17,49
970,18,139
971,26,76
972,13,6
973,18,102
974,7,44
975,1,26
976,0,52
977,32,31
978,14,20
979,22,6
980,18,103
981,20,8
982,30,18
983,18,127
984,26,68
985,10,37
986,7,17
987,25,41
988,25,10
989,0,12
990,18,218
991,22,2
992,18,148
993,10,52
994,7,63
995,31,50
996,21,26
997,0,18
998,26,83
999,14,3
1000,26,1
1001,29,7
1002,14,51
1003,25,22
1004,26,46
1005,10,53
1006,25,11
1007,2,40
1008,21,40
1009,28,59
1010,32,5
1011,17,26
1012,29,14
1013,20,14
1014,10,1
1015,0,22
1016,25,77
1017,7,57
1018,8,15
1019,22,13
1020,18,4
1021,6,17
1022,0,14
1023,32,30
1024,6,1
1025,25,53
1026,31,11
1027,1,21
1028,0,59
1029,18,201
1030,25,64
1031,19,25
1032,7,62
1033,28,1
1034,26,38
1035,18,6
1036,7,31
1037,9,10
1038,18,3
1039,6,30
1040,25,62
1041,2,15
1042,6,28
1043,1,28
1044,9,3
1045,21,0
1046,7,51
1047,2,22
1048,29,12
1049,13,1
1050,21,19
1051,14,30
1052,21,8
1053,19,18
1054,18,19
1055,17,3
1056,9,42
1057,17,42
1058,29,26
1059,31,21
1060,18,199
1061,8,47
1062,18,85
1063,28,57
1064,9,48
1065,26,34
1066,7,42
1067,30,10
1068,17,12
1069,18,181
1070,2,11
1071,12,30
1072,13,4
1073,6,7
1074,11,1
1075,8,16
1076,25,45
1077,24,2
1078,18,52
1079,8,32
1080,18,207
1081,7,8
1082,3,10
1083,8,34
1084,0,7
1085,18,56
1086,22,9
1087,18,129
1088,22,25
1089,29,39
1090,2,54
1091,17,29
1092,7,56
1093,26,78
1094,22,0
1095,28,12
1096,26,50
1097,25,34
1098,8,12
1099,19,1
1100,26,27
1101,24,10
1102,24,32
1103,12,13
1104,18,216
1105,20,1
1106,14,8
1107,1,30
1108,26,14
1109,23,1
1110,14,31
1111,18,190
1112,22,10
1113,25,71
1114,30,21
1115,31,84
1116,32,23
1117,20,16
1118,10,39
1119,22,14
1120,0,93
1121,17,48
1122,1,38
1123,21,43
1124,25,47
1125,27,20
1126,12,39
1127,31,91
1128,0,31
1129,32,1
1130,18,170
1131,31,81
1132,18,159
1133,26,31
1134,32,20
1135,23,9
1136,28,25
1137,32,12
1138,29,24
1139,32,2
1140,18,80
1141,8,55
1142,18,98
1143,18,99
1144,14,9
1145,18,182
1146,0,67
1147,0,85
1148,18,108
1149,31,87
1150,22,18
1151,26,56
1152,31,30
1153,17,33
1154,17,10
1155,22,27
1156,32,10
1157,31,83
1158,15,5
1159,18,38
1160,30,27
1161,31,66
1162,2,21
1163,26,60
1164,2,39
1165,22,42
1166,21,27
1167,26,37
1168,7,21
1169,31,27
1170,18,122
1171,2,48
1172,0,51
1173,26,90
1174,21,22
1175,23,0
1176,14,17
1177,7,67
1178,9,56
1179,12,56
1180,18,205
1181,31,85
1182,0,30
1183,14,18
1184,18,2
1185,25,17
1186,26,53
1187,22,7
1188,11,7
1189,1,13
1190,26,19
1191,30,2
1192,2,19
1193,27,16
1194,12,28
1195,1,10
1196,18,53
1197,12,53
1198,12,4
1199,26,62
1200,14,13
1201,18,47
1202,25,33
1203,19,28
1204,24,27
1205,24,0
1206,26,36
1207,14,6
1208,26,71
1209,18,12
1210,25,65
1211,11,2
1212,7,59
1213,25,0
1214,8,39
1215,18,48
1216,8,26
1217,12,36
1218,2,51
1219,12,42
1220,6,16
1221,25,25
1222,32,6
1223,29,6
1224,28,56
1225,12,29
1226,14,37
1227,18,131
1228,1,16
1229,23,5
1230,26,70
1231,21,38
1232,14,2
1233,22,12
1234,31,43
1235,23,19
1236,29,1
1237,17,5
1238,32,52
1239,17,24
1240,18,192
1241,30,20
1242,14,39
1243,14,40
1244,32,7
1245,4,11
1246,2,9
1247,23,22
1248,18,109
1249,2,14
1250,21,3
1251,6,45
1252,18,88
1253,7,70
1254,31,8
1255,12,45
1256,12,54
1257,26,0
1258,2,2
1259,17,4
1260,18,157
1261,30,29
1262,8,22
1263,12,16
1264,2,23
1265,2,41
1266,2,34
1267,18,206
1268,0,87
1269,18,178
1270,28,38
1271,26,13
1272,26,57
1273,1,23
1274,10,11
1275,31,39
1276,18,169
1277,27,0
1278,1,20
1279,2,43
1280,18,111
1281,28,61
1282,32,4
1283,17,8
1284,3,14
1285,12,17
1286,6,52
1287,24,9
1288,22,26
1289,9,22
1290,24,40
1291,26,15
1292,8,31
1293,29,33
1294,18,15
1295,9,4
1296,20,4
1297,22,8
1298,31,79
1299,17,47
1300,7,58
1301,3,16
1302,28,0
1303,18,137
1304,29,19
1305,1,15
1306,18,71
1307,23,4
1308,28,20
1309,24,3
1310,8,54
1311,18,95
1312,23,23
1313,10,33
1314,0,99
1315,32,19
1316,28,23
1317,32,24
1318,10,12
1319,18,62
1320,8,41
1321,32,3
1322,7,30
1323,14,1
1324,28,33
1325,18,167
1326,31,13
1327,0,66
1328,2,16
1329,18,187
1330,11,4
1331,4,5
1332,7,23
1333,7,69
1334,32,13
1335,14,36
1336,9,12
1337,0,71
1338,10,31
1339,18,105
1340,30,17
1341,26,80
1342,0,74
1343,9,43
1344,6,46
1345,8,36
1346,15,3
1347,3,11
1348,29,0
1349,31,49
1350,18,10
1351,18,185
1352,18,125
1353,9,34
1354,17,19
1355,24,24
1356,25,29
1357,0,27
1358,19,23
1359,18,210
1360,26,86
1361,20,6
1362,0,64
1363,30,0
1364,22,5
1365,8,56
1366,7,4
1367,17,22
1368,9,18
1369,14,28
1370,26,26
1371,26,73
1372,8,40
1373,14,54
1374,25,55
1375,0,89
1376,28,39
1377,31,0
1378,0,16
1379,17,44
1380,14,48
1381,31,92
1382,1,3
1383,30,31
1384,26,9
1385,32,29
1386,18,194
1387,6,29
1388,28,34
1389,6,36
1390,9,16
1391,21,9
1392,25,85
1393,17,39
1394,13,7
1395,21,37
1396,0,57
1397,17,11
1398,1,18
1399,27,4
1400,29,40
1401,12,37
1402,13,2
1403,9,35
1404,24,20
1405,29,8
1406,28,54
1407,8,14
1408,18,124
1409,28,49
1410,26,45
1411,19,34
1412,28,9
1413,26,59
1414,24,22
1415,8,6
1416,31,26
1417,18,17
1418,25,75
1419,23,8
1420,2,37
1421,17,13
1422,32,43
1423,18,24
1424,25,4
1425,18,87
1426,2,50
1427,17,45
1428,21,59
1429,31,6
1430,14,32
1431,17,51
1432,26,52
1433,9,21
1434,6,39
1435,18,209
1436,2,55
1437,18,175
1438,24,5
1439,14,41
1440,1,40
1441,21,24
1442,9,55
1443,26,8
1444,6,15
1445,6,47
1446,24,25
1447,29,41
1448,18,34
1449,18,145
1450,18,51
1451,7,5
1452,20,9
1453,2,42
1454,27,17
1455,27,10
1456,20,11
1457,8,49
1458,26,54
1459,25,83
1460,25,80
1461,28,17
1462,17,46
1463,18,54
1464,1,39
1465,10,18
1466,14,24
1467,24,21
1468,28,28
1469,1,35
1470,26,49
1471,25,23
1472,23,11
1473,25,68
1474,0,8
1475,31,15
1476,18,36
1477,7,12
1478,18,93
1479,2,27
1480,18,143
1481,7,50
1482,30,5
1483,8,18
1484,18,72
1485,21,16
1486,32,27
1487,0,41
1488,18,44
1489,6,21
1490,12,3
1491,0,75
1492,6,25
1493,24,42
1494,18,9
1495,18,29
1496,21,30
1497,0,32
1498,12,11
1499,1,24
1500,28,13
1501,7,64
1502,30,11
1503,0,40
1504,18,100
1505,17,52
1506,10,3
1507,10,23
1508,30,16
1509,17,9
1510,25,21
1511,31,46
1512,18,171
1513,6,40
1514,31,45
1515,18,153
1516,18,11
1517,0,98
1518,2,3
1519,8,46
1520,26,18
1521,28,18
1522,21,21
1523,10,15
1524,2,44
1525,31,54
1526,26,16
1527,26,65
1528,9,31
1529,4,4
1530,0,69
1531,31,12
1532,12,33
1533,21,53
1534,26,91
1535,25,14
1536,28,42
1537,21,50
1538,14,43
1539,19,27
1540,25,40
1541,18,78
1542,25,70
1543,18,81
1544,7,27
1545,18,82
1546,18,165
1547,12,34
1548,7,46
1549,0,72
1550,21,45
1551,0,37
1552,23,21
1553,12,43
1554,18,173
1555,9,7
1556,26,89
1557,18,114
1558,6,48
1559,18,142
1560,10,16
1561,7,16
1562,6,2
1563,18,73
1564,31,78
1565,14,46
1566,21,6
1567,26,28
1568,28,63
1569,18,57
1570,7,35
1571,2,24
1572,25,30
1573,1,12
1574,22,20
1575,32,36
1576,30,22
1577,6,37
1578,32,8
1579,29,25
1580,21,42
1581,26,61
1582,0,35
1583,22,15
1584,5,10
1585,28,37
1586,29,38
1587,18,211
1588,28,41
1589,12,40
1590,2,38
1591,17,21
1592,14,10
1593,6,34
1594,17,15
1595,19,7
1596,25,82
1597,31,63
1598,18,204
1599,10,56
1600,9,41
1601,0,50
1602,18,144
1603,32,34
1604,31,48
1605,18,198
1606,1,34
1607,25,78
1608,21,41
1609,29,35
1610,27,19
1611,28,66
1612,26,17
1613,7,24
1614,9,51
1615,20,18
1616,26,74
1617,18,215
1618,25,18
1619,12,12
1620,32,22
1621,1,50
1622,0,44
1623,22,1
1624,0,29
1625,21,33
1626,24,38
1627,0,60
1628,22,41
1629,22,19
1630,25,15
1631,31,14
1632,31,29
1633,2,62
1634,1,46
1635,3,9
1636,30,12
1637,18,90
1638,32,35
1639,6,24
1640,28,3
1641,18,117
1642,9,23
1643,0,5
1644,1,49
1645,2,60
1646,31,36
1647,6,20
1648,31,38
1649,9,40
1650,7,52
1651,28,53
1652,31,1
1653,14,52
1654,17,36
1655,1,45
1656,10,6
1657,9,20
1658,18,22
1659,2,25
1660,30,6
1661,25,87
1662,10,36
1663,25,44
1664,8,10
1665,18,91
1666,18,163
1667,2,8
1668,32,0
1669,17,20
1670,21,32
1671,27,14
1672,26,51
1673,24,35
1674,1,37
1675,0,95
1676,0,81
1677,0,97
1678,16,4
1679,1,51
1680,0,2
1681,14,45
1682,0,68
1683,12,9
1684,30,28
1685,8,19
1686,8,25
1687,7,39
1688,18,151
1689,30,23
1690,10,45
1691,8,52
1692,30,14
1693,19,11
1694,10,41
1695,28,16
1696,12,50
1697,8,28
1698,18,83
1699,29,42
1700,12,20
1701,22,17
1702,26,39
1703,69,91
1704,75,68
1705,43,6
1706,75,30
1707,64,15
1708,58,4
1709,64,40
1710,63,9
1711,47,7
1712,69,73
1713,69,113
1714,45,56
1715,49,28
1716,69,106
1717,59,46
1718,65,67
1719,57,15
1720,41,34
1721,60,41
1722,41,89
1723,44,71
1724,56,36
1725,44,17
1726,40,29
1727,65,105
1728,73,48
1729,59,1
1730,46,50
1731,68,38
1732,69,27
1733,59,73
1734,53,9
1735,41,96
1736,33,0
1737,72,3
1738,38,9
1739,45,41
1740,66,5
1741,54,121
1742,60,60
1743,48,24
1744,44,75
1745,65,69
1746,69,95
1747,62,10
1748,61,14
1749,49,27
1750,50,49
1751,51,3
1752,54,3
1753,48,11
1754,38,20
1755,59,6
1756,35,41
1757,34,26
1758,47,15
1759,66,27
1760,50,34
1761,44,80
1762,59,37
1763,50,30
1764,41,98
1765,33,34
1766,69,100
1767,41,53
1768,50,17
1769,38,19
1770,49,32
1771,69,12
1772,65,51
1773,33,18
1774,41,59
1775,58,23
1776,41,119
1777,73,6
1778,57,20
1779,59,41
1780,45,40
1781,58,42
1782,54,55
1783,65,110
1784,63,5
1785,68,32
1786,75,60
1787,40,24
1788,34,28
1789,65,30
1790,39,49
1791,73,5
1792,49,12
1793,56,34
1794,45,10
1795,37,5
1796,54,65
1797,64,2
1798,64,35
1799,54,13
1800,47,12
1801,33,17
1802,54,101
1803,41,106
1804,34,0
1805,75,21
1806,66,17
1807,40,18
1808,56,43
1809,46,13
1810,35,34
1811,61,22
1812,69,16
1813,35,13
1814,44,27
1815,33,40
1816,45,46
1817,50,48
1818,54,95
1819,65,14
1820,64,18
1821,49,34
1822,58,16
1823,60,28
1824,57,11
1825,59,29
1826,65,84
1827,73,41
1828,73,12
1829,48,36
1830,49,36
1831,44,81
1832,49,31
1833,54,77
1834,64,27
1835,40,50
1836,69,64
1837,60,68
1838,49,19
1839,46,9
1840,57,39
1841,66,11
1842,54,60
1843,69,102
1844,46,45
1845,44,51
1846,59,79
1847,69,6
1848,45,71
1849,59,43
1850,69,58
1851,60,48
1852,47,17
1853,65,63
1854,68,20
1855,35,0
1856,59,140
1857,54,26
1858,63,6
1859,65,33
1860,39,69
1861,59,61
1862,45,67
1863,45,58
1864,41,48
1865,37,8
1866,59,13
1867,38,1
1868,45,33
1869,48,23
1870,73,40
1871,39,57
1872,75,46
1873,35,49
1874,59,90
1875,54,51
1876,37,9
1877,54,99
1878,36,0
1879,51,14
1880,58,31
1881,49,76
1882,49,52
1883,48,47
1884,73,2
1885,41,75
1886,44,72
1887,44,15
1888,35,7
1889,44,70
1890,66,26
1891,50,50
1892,65,32
1893,69,93
1894,75,8
1895,45,66
1896,64,28
1897,59,135
1898,59,75
1899,41,80
1900,38,21
1901,35,3
1902,41,51
1903,54,59
1904,50,1
1905,65,89
1906,65,88
1907,34,2
1908,63,7
1909,61,26
1910,75,14
1911,61,12
1912,54,87
1913,37,0
1914,44,90
1915,64,16
1916,54,91
1917,48,28
1918,64,4
1919,33,21
1920,38,0
1921,69,44
1922,68,30
1923,34,31
1924,48,44
1925,65,87
1926,46,26
1927,65,13
1928,33,35
1929,41,41
1930,38,13
1931,50,13
1932,69,109
1933,35,51
1934,44,6
1935,69,119
1936,64,8
1937,65,125
1938,44,86
1939,51,4
1940,39,3
1941,46,18
1942,41,13
1943,61,33
1944,64,9
1945,50,4
1946,69,60
1947,56,1
1948,41,29
1949,73,10
1950,50,25
1951,57,43
1952,53,2
1953,33,12
1954,57,4
1955,39,45
1956,73,15
1957,52,17
1958,48,26
1959,50,51
1960,60,54
1961,46,12
1962,63,18
1963,45,72
1964,61,11
1965,65,8
1966,59,143
1967,39,68
1968,69,4
1969,45,30
1970,44,1
1971,48,15
1972,66,32
1973,65,66
1974,69,68
1975,58,22
1976,50,2
1977,54,53
1978,65,113
1979,75,45
1980,69,21
1981,33,3
1982,68,4
1983,65,31
1984,68,6
1985,60,47
1986,39,0
1987,41,67
1988,53,1
1989,34,13
1990,40,0
1991,60,38
1992,54,47
1993,47,3
1994,75,66
1995,65,2
1996,51,11
1997,41,32
1998,59,74
1999,46,42
2000,35,25
2001,39,48
2002,64,37
2003,57,9
2004,63,12
2005,48,21
2006,44,78
2007,65,104
2008,41,0
2009,64,42
2010,33,6
2011,41,114
2012,56,42
2013,50,54
2014,73,53
2015,63,4
2016,59,47
2017,59,28
2018,73,51
2019,65,106
2020,42,0
2021,61,30
2022,65,43
2023,44,26
2024,40,6
2025,44,69
2026,56,27
2027,59,118
2028,69,71
2029,59,87
2030,64,34
2031,40,31
2032,50,35
2033,69,65
2034,54,78
2035,51,7
2036,44,35
2037,54,85
2038,65,94
2039,59,105
2040,41,116
2041,75,43
2042,48,1
2043,65,17
2044,65,19
2045,41,37
2046,56,35
2047,69,33
2048,43,0
2049,55,3
2050,60,8
2051,41,77
2052,49,7
2053,39,18
2054,34,25
2055,57,29
2056,41,110
2057,56,37
2058,40,33
2059,58,40
2060,65,126
2061,49,40
2062,66,1
2063,52,19
2064,38,2
2065,57,55
2066,75,59
2067,72,2
2068,75,29
2069,56,21
2070,61,21
2071,35,39
2072,45,20
2073,47,9
2074,44,0
2075,65,7
2076,45,0
2077,61,2
2078,69,49
2079,41,12
2080,33,11
2081,55,7
2082,34,6
2083,41,121
2084,50,24
2085,51,24
2086,66,14
2087,65,42
2088,34,7
2089,35,42
2090,46,24
2091,46,49
2092,54,107
2093,69,129
2094,56,56
2095,50,41
2096,68,16
2097,50,11
2098,65,98
2099,66,8
2100,48,13
2101,49,24
2102,54,109
2103,69,78
2104,68,27
2105,45,19
2106,57,51
2107,75,10
2108,48,39
2109,39,59
2110,75,9
2111,40,43
2112,45,37
2113,50,57
2114,56,29
2115,59,77
2116,54,18
2117,75,26
2118,33,26
2119,54,34
2120,69,15
2121,40,41
2122,56,60
2123,58,3
2124,75,32
2125,68,25
2126,65,58
2127,45,57
2128,75,16
2129,65,96
2130,35,61
2131,40,10
2132,40,9
2133,41,100
2134,41,2
2135,39,30
2136,46,0
2137,39,46
2138,60,46
2139,50,16
2140,71,2
2141,40,1
2142,59,48
2143,41,28
2144,69,52
2145,50,56
2146,58,43
2147,65,25
2148,62,12
2149,57,3
2150,65,83
2151,69,108
2152,40,4
2153,41,84
2154,57,1
2155,33,16
2156,37,3
2157,41,63
2158,40,32
2159,46,14
2160,35,23
2161,47,0
2162,61,20
2163,75,24
2164,46,2
2165,42,2
2166,35,48
2167,73,13
2168,56,59
2169,50,37
2170,40,22
2171,44,89
2172,44,21
2173,40,12
2174,58,33
2175,65,68
2176,49,5
2177,51,8
2178,54,27
2179,46,39
2180,68,2
2181,33,37
2182,41,6
2183,66,13
2184,75,61
2185,59,60
2186,66,35
2187,47,5
2188,50,15
2189,60,49
2190,41,83
2191,48,42
2192,69,122
2193,66,21
2194,54,32
2195,39,61
2196,41,69
2197,61,29
2198,33,32
2199,66,37
2200,69,8
2201,61,24
2202,36,4
2203,53,3
2204,39,25
2205,41,109
2206,68,19
2207,73,45
2208,39,26
2209,66,34
2210,65,95
2211,50,45
2212,49,33
2213,39,60
2214,65,35
2215,48,37
2216,45,43
2217,69,5
2218,59,21
2219,59,106
2220,65,10
2221,60,25
2222,33,5
2223,59,20
2224,50,52
2225,48,6
2226,33,15
2227,39,24
2228,51,30
2229,54,40
2230,47,4
2231,56,45
2232,73,20
2233,49,53
2234,54,4
2235,49,66
2236,44,56
2237,55,2
2238,49,61
2239,44,92
2240,64,6
2241,46,6
2242,59,133
2243,60,69
2244,58,21
2245,61,6
2246,66,19
2247,41,43
2248,59,4
2249,47,11
2250,41,21
2251,33,10
2252,39,56
2253,51,22
2254,34,12
2255,60,61
2256,46,28
2257,50,22
2258,50,9
2259,41,8
2260,65,73
2261,60,34
2262,41,5
2263,49,4
2264,60,45
2265,41,64
2266,50,26
2267,72,11
2268,47,1
2269,34,21
2270,39,6
2271,49,15
2272,54,37
2273,44,73
2274,50,36
2275,68,5
2276,44,48
2277,41,81
2278,40,20
2279,48,41
2280,56,55
2281,56,12
2282,65,29
2283,67,6
2284,60,53
2285,44,98
2286,34,24
2287,54,7
2288,56,47
2289,54,33
2290,59,82
2291,69,62
2292,44,29
2293,56,5
2294,51,21
2295,44,79
2296,58,28
2297,33,27
2298,49,17
2299,47,13
2300,41,93
2301,51,6
2302,59,33
2303,65,36
2304,59,111
2305,35,56
2306,67,9
2307,59,134
2308,59,93
2309,41,44
2310,69,117
2311,69,92
2312,67,7
2313,50,23
2314,75,39
2315,65,115
2316,59,16
2317,45,9
2318,54,52
2319,61,5
2320,45,53
2321,60,30
2322,49,22
2323,64,10
2324,56,7
2325,73,32
2326,58,25
2327,40,27
2328,45,63
2329,41,26
2330,54,41
2331,39,1
2332,57,7
2333,45,35
2334,44,77
2335,60,59
2336,57,45
2337,50,47
2338,44,62
2339,50,32
2340,48,0
2341,69,45
2342,41,11
2343,69,40
2344,73,56
2345,56,57
2346,57,31
2347,54,82
2348,73,27
2349,56,44
2350,59,137
2351,44,5
2352,63,26
2353,40,19
2354,34,4
2355,60,36
2356,58,30
2357,44,87
2358,68,10
2359,59,122
2360,39,50
2361,68,24
2362,45,21
2363,50,21
2364,68,8
2365,41,60
2366,54,70
2367,39,17
2368,57,26
2369,59,130
2370,62,14
2371,59,51
2372,49,0
2373,35,4
2374,57,46
2375,36,7
2376,59,102
2377,40,45
2378,65,11
2379,60,1
2380,41,61
2381,68,12
2382,59,72
2383,69,25
2384,54,29
2385,57,5
2386,69,127
2387,49,41
2388,41,82
2389,44,49
2390,61,19
2391,54,96
2392,73,35
2393,39,5
2394,65,46
2395,56,50
2396,69,82
2397,51,17
2398,48,12
2399,44,76
2400,50,44
2401,41,117
2402,54,104
2403,60,37
2404,40,8
2405,34,30
2406,40,26
2407,45,70
2408,54,63
2409,45,29
2410,39,14
2411,46,29
2412,75,48
2413,73,34
2414,49,50
2415,44,47
2416,65,45
2417,73,21
2418,60,56
2419,68,14
2420,60,63
2421,51,27
2422,65,118
2423,46,27
2424,59,2
2425,44,23
2426,72,1
2427,44,50
2428,62,2
2429,54,74
2430,41,31
2431,60,65
2432,69,26
2433,45,4
2434,35,30
2435,54,2
2436,35,59
2437,39,55
2438,33,23
2439,75,20
2440,38,3
2441,48,8
2442,50,33
2443,75,70
2444,69,35
2445,43,5
2446,69,29
2447,40,7
2448,69,22
2449,65,129
2450,65,82
2451,37,2
2452,41,73
2453,54,5
2454,50,0
2455,41,115
2456,54,115
2457,65,80
2458,38,26
2459,69,70
2460,58,12
2461,51,0
2462,69,81
2463,33,7
2464,63,23
2465,33,2
2466,38,14
2467,64,7
2468,56,46
2469,59,98
2470,41,25
2471,48,22
2472,52,0
2473,35,45
2474,60,40
2475,39,34
2476,53,0
2477,57,34
2478,38,7
2479,51,32
2480,49,29
2481,49,57
2482,75,34
2483,54,76
2484,59,80
2485,44,53
2486,33,9
2487,69,23
2488,36,8
2489,41,58
2490,41,85
2491,69,128
2492,59,70
2493,64,21
2494,54,112
2495,54,92
2496,58,15
2497,44,38
2498,49,56
2499,44,30
2500,68,33
2501,35,50
2502,75,35
2503,41,101
2504,40,30
2505,39,63
2506,49,30
2507,54,56
2508,69,24
2509,44,63
2510,60,62
2511,59,97
2512,50,42
2513,38,23
2514,59,92
2515,69,42
2516,49,58
2517,59,115
2518,50,53
2519,62,11
2520,54,68
2521,48,18
2522,68,3
2523,54,23
2524,46,31
2525,55,8
2526,69,54
2527,40,25
2528,65,101
2529,35,43
2530,40,14
2531,65,100
2532,75,47
2533,54,67
2534,35,53
2535,59,23
2536,33,19
2537,46,1
2538,59,68
2539,66,7
2540,59,104
2541,65,93
2542,60,19
2543,62,6
2544,40,21
2545,35,46
2546,38,15
2547,59,3
2548,43,3
2549,59,27
2550,45,28
2551,73,58
2552,33,38
2553,33,22
2554,69,56
2555,54,0
2556,55,0
2557,39,12
2558,59,88
2559,65,20
2560,35,33
2561,69,17
2562,35,38
2563,44,10
2564,34,1
2565,69,94
2566,73,17
2567,65,133
2568,72,8
2569,59,55
2570,52,6
2571,38,24
2572,41,35
2573,35,31
2574,45,17
2575,50,39
2576,63,2
2577,66,4
2578,57,40
2579,33,31
2580,56,52
2581,54,48
2582,63,17
2583,44,93
2584,59,109
2585,54,98
2586,65,49
2587,54,83
2588,33,4
2589,72,4
2590,39,38
2591,45,34
2592,44,94
2593,38,22
2594,63,1
2595,65,37
2596,47,8
2597,54,75
2598,75,37
2599,61,10
2600,62,13
2601,35,21
2602,73,59
2603,58,26
2604,34,15
2605,35,55
2606,59,38
2607,67,4
2608,65,107
2609,61,3
2610,59,63
2611,35,15
2612,56,0
2613,65,28
2614,49,69
2615,56,41
2616,59,103
2617,54,39
2618,54,73
2619,59,52
2620,65,38
2621,41,118
2622,61,15
2623,49,75
2624,68,1
2625,75,31
2626,56,11
2627,61,16
2628,52,4
2629,60,11
2630,51,26
2631,41,88
2632,54,102
2633,48,16
2634,44,8
2635,45,1
2636,50,10
2637,63,10
2638,56,2
2639,46,37
2640,54,12
2641,59,10
2642,60,58
2643,41,57
2644,44,14
2645,35,35
2646,49,25
2647,59,67
2648,59,120
2649,65,81
2650,58,8
2651,59,85
2652,59,119
2653,69,130
2654,69,83
2655,61,31
2656,64,12
2657,56,17
2658,65,26
2659,39,39
2660,39,8
2661,73,29
2662,54,72
2663,49,3
2664,39,29
2665,44,25
2666,64,41
2667,45,44
2668,69,104
2669,45,5
2670,38,5
2671,57,0
2672,44,3
2673,75,41
2674,56,54
2675,69,57
2676,65,112
2677,40,28
2678,58,0
2679,59,78
2680,48,5
2681,56,13
2682,75,55
2683,45,26
2684,60,55
2685,58,18
2686,44,22
2687,58,19
2688,60,17
2689,73,1
2690,68,35
2691,41,87
2692,69,80
2693,47,6
2694,41,36
2695,49,35
2696,68,31
2697,54,86
2698,54,58
2699,75,25
2700,38,12
2701,39,19
2702,73,50
2703,44,36
2704,66,12
2705,69,124
2706,60,32
2707,67,3
2708,52,20
2709,65,59
2710,69,43
2711,60,22
2712,52,18
2713,59,127
2714,58,9
2715,33,28
2716,40,35
2717,73,54
2718,64,31
2719,49,77
2720,57,56
2721,69,98
2722,52,22
2723,35,58
2724,69,87
2725,58,27
2726,35,47
2727,33,25
2728,59,0
2729,50,40
2730,69,32
2731,69,77
2732,65,24
2733,36,2
2734,46,48
2735,45,38
2736,41,86
2737,50,28
2738,35,29
2739,44,4
2740,75,11
2741,60,52
2742,40,2
2743,45,65
2744,49,55
2745,57,23
2746,40,49
2747,41,33
2748,68,18
2749,40,3
2750,57,19
2751,45,74
2752,59,110
2753,63,21
2754,58,41
2755,55,1
2756,52,3
2757,44,41
2758,57,32
2759,44,105
2760,49,10
2761,60,0
2762,48,48
2763,75,13
2764,40,15
2765,41,125
2766,75,33
2767,75,7
2768,45,3
2769,56,15
2770,68,28
2771,50,38
2772,41,120
2773,69,48
2774,48,10
2775,39,67
2776,46,47
2777,69,96
2778,60,20
2779,69,120
2780,59,100
2781,35,9
2782,56,32
2783,44,44
2784,39,41
2785,71,7
2786,35,57
2787,68,17
2788,69,59
2789,44,88
2790,75,28
2791,40,40
2792,73,9
2793,54,36
2794,54,6
2795,75,56
2796,58,5
2797,44,34
2798,75,12
2799,65,18
2800,65,47
2801,46,46
2802,45,31
2803,69,20
2804,39,53
2805,56,24
2806,41,50
2807,44,31
2808,72,5
2809,73,23
2810,75,18
2811,68,11
2812,65,111
2813,40,46
2814,39,15
2815,61,17
2816,44,60
2817,66,9
2818,72,9
2819,44,7
2820,66,22
2821,65,9
2822,48,35
2823,51,34
2824,56,40
2825,51,2
2826,54,108
2827,44,97
2828,65,132
2829,33,29
2830,69,46
2831,65,52
2832,57,38
2833,35,16
2834,59,136
2835,49,45
2836,44,40
2837,49,48
2838,41,62
2839,51,12
2840,73,14
2841,59,113
2842,61,9
2843,44,64
2844,41,94
2845,40,13
2846,65,44
2847,49,62
2848,59,31
2849,48,3
2850,54,38
2851,73,52
2852,59,25
2853,56,49
2854,39,20
2855,68,15
2856,59,9
2857,59,11
2858,65,114
2859,75,36
2860,61,4
2861,44,96
2862,34,23
2863,37,1
2864,51,1
2865,50,43
2866,51,9
2867,50,3
2868,56,22
2869,51,18
2870,48,43
2871,41,76
2872,41,24
2873,46,3
2874,73,28
2875,75,38
2876,51,13
2877,73,24
2878,64,11
2879,75,4
2880,41,39
2881,54,8
2882,41,111
2883,44,11
2884,49,70
2885,35,63
2886,44,102
2887,59,112
2888,61,0
2889,41,56
2890,62,0
2891,41,23
2892,65,97
2893,69,39
2894,59,54
2895,34,27
2896,60,35
2897,54,30
2898,41,45
2899,69,11
2900,46,34
2901,63,19
2902,74,5
2903,73,36
2904,57,22
2905,41,49
2906,69,74
2907,43,4
2908,54,61
2909,66,29
2910,73,44
2911,41,16
2912,75,63
2913,64,26
2914,49,42
2915,41,112
2916,57,36
2917,63,0
2918,65,5
2919,44,28
2920,61,32
2921,61,8
2922,44,68
2923,65,127
2924,51,28
2925,44,43
2926,75,64
2927,45,64
2928,65,62
2929,66,28
2930,44,32
2931,64,0
2932,69,30
2933,69,110
2934,51,15
2935,44,95
2936,56,53
2937,60,16
2938,34,8
2939,73,33
2940,73,4
2941,44,54
2942,73,31
2943,53,5
2944,61,13
2945,54,84
2946,51,5
2947,54,46
2948,59,139
2949,65,0
2950,52,5
2951,59,65
2952,36,9
2953,69,66
2954,69,72
2955,69,51
2956,69,90
2957,48,29
2958,62,4
2959,56,19
2960,34,20
2961,36,10
2962,49,47
2963,38,17
2964,69,116
2965,48,38
2966,72,6
2967,54,1
2968,69,75
2969,73,8
2970,36,6
2971,57,17
2972,48,17
2973,74,3
2974,57,27
2975,65,72
2976,44,37
2977,44,65
2978,69,67
2979,69,34
2980,45,52
2981,60,29
2982,59,44
2983,56,16
2984,41,40
2985,44,39
2986,69,112
2987,69,53
2988,39,54
2989,65,70
2990,59,99
2991,60,21
2992,64,25
2993,46,5
2994,53,10
2995,45,78
2996,59,19
2997,41,3
2998,39,37
2999,35,2
3000,65,22
3001,50,27
3002,45,69
3003,50,55
3004,69,103
3005,34,35
3006,41,17
3007,65,123
3008,44,42
3009,49,8
3010,47,19
3011,58,38
3012,49,71
3013,65,78
3014,35,26
3015,73,55
3016,48,30
3017,44,91
3018,46,25
3019,69,115
3020,59,116
3021,65,65
3022,57,44
3023,54,66
3024,37,6
3025,61,25
3026,39,2
3027,65,61
3028,45,61
3029,59,53
3030,73,26
3031,75,62
3032,59,50
3033,65,79
3034,46,22
3035,37,4
3036,34,10
3037,55,6
3038,44,99
3039,75,2
3040,54,103
3041,67,2
3042,54,54
3043,41,47
3044,34,17
3045,65,27
3046,59,39
3047,72,10
3048,39,64
3049,67,10
3050,61,18
3051,59,66
3052,45,6
3053,35,18
3054,58,14
3055,52,9
3056,45,45
3057,65,41
3058,48,40
3059,54,79
3060,57,42
3061,66,31
3062,59,81
3063,64,3
3064,46,41
3065,56,58
3066,46,21
3067,35,40
3068,73,37
3069,39,21
3070,45,15
3071,57,24
3072,69,88
3073,44,20
3074,43,1
3075,59,42
3076,35,52
3077,49,20
3078,66,0
3079,75,40
3080,52,7
3081,41,103
3082,66,16
3083,57,50
3084,73,3
3085,41,91
3086,66,18
3087,60,66
3088,41,107
3089,58,34
3090,62,1
3091,52,14
3092,63,25
3093,65,54
3094,69,13
3095,45,32
3096,41,52
3097,60,31
3098,58,24
3099,64,29
3100,69,97
3101,49,38
3102,60,3
3103,33,39
3104,75,27
3105,47,16
3106,54,100
3107,38,25
3108,61,1
3109,54,50
3110,73,19
3111,75,50
3112,50,12
3113,54,90
3114,44,2
3115,62,16
3116,39,42
3117,54,118
3118,65,76
3119,54,21
3120,73,39
3121,39,65
3122,57,33
3123,58,35
3124,33,13
3125,49,2
3126,39,32
3127,41,71
3128,35,62
3129,48,14
3130,66,3
3131,58,39
3132,46,20
3133,59,30
3134,45,51
3135,58,6
3136,41,20
3137,75,42
3138,40,16
3139,52,21
3140,69,125
3141,54,116
3142,41,78
3143,40,38
3144,58,7
3145,57,13
3146,41,68
3147,68,26
3148,35,36
3149,69,38
3150,73,47
3151,49,51
3152,65,130
3153,65,39
3154,65,120
3155,45,75
3156,67,0
3157,56,48
3158,64,13
3159,33,1
3160,59,94
3161,59,95
3162,39,43
3163,57,25
3164,59,124
3165,59,22
3166,75,6
3167,41,74
3168,65,91
3169,65,119
3170,60,9
3171,48,49
3172,45,36
3173,45,13
3174,64,43
3175,52,16
3176,65,128
3177,41,70
3178,54,19
3179,36,5
3180,33,8
3181,51,29
3182,56,10
3183,46,15
3184,69,31
3185,38,4
3186,34,16
3187,68,22
3188,60,13
3189,34,34
3190,54,11
3191,41,4
3192,45,60
3193,73,16
3194,48,46
3195,54,45
3196,69,7
3197,44,74
3198,59,108
3199,44,58
3200,44,18
3201,60,43
3202,72,13
3203,73,38
3204,39,51
3205,39,7
3206,55,5
3207,69,131
3208,46,10
3209,57,48
3210,41,72
3211,40,37
3212,39,52
3213,59,49
3214,75,5
3215,60,6
3216,58,32
3217,51,25
3218,49,26
3219,46,33
3220,75,65
3221,39,13
3222,34,14
3223,35,20
3224,40,11
3225,63,20
3226,54,105
3227,46,30
3228,56,31
3229,41,104
3230,46,7
3231,44,57
3232,54,81
3233,60,15
3234,39,47
3235,45,2
3236,68,13
3237,61,28
3238,75,3
3239,40,5
3240,45,59
3241,39,40
3242,60,24
3243,59,59
3244,37,7
3245,49,21
3246,41,55
3247,69,89
3248,68,0
3249,66,23
3250,75,58
3251,41,99
3252,66,10
3253,54,113
3254,69,10
3255,54,119
3256,74,1
3257,75,17
3258,65,124
3259,65,21
3260,54,64
3261,54,106
3262,71,1
3263,62,3
3264,46,36
3265,73,43
3266,60,23
3267,41,15
3268,39,36
3269,58,36
3270,62,9
3271,69,118
3272,59,12
3273,53,4
3274,65,16
3275,45,8
3276,63,3
3277,69,79
3278,45,27
3279,57,35
3280,39,31
3281,71,3
3282,71,4
3283,65,117
3284,44,55
3285,60,57
3286,75,19
3287,53,7
3288,54,25
3289,34,9
3290,67,5
3291,65,99
3292,33,36
3293,59,84
3294,39,10
3295,48,27
3296,54,122
3297,63,11
3298,58,13
3299,64,30
3300,46,8
3301,40,17
3302,69,18
3303,68,34
3304,45,7
3305,68,21
3306,49,72
3307,46,17
3308,66,6
3309,69,101
3310,54,93
3311,34,18
3312,69,0
3313,54,44
3314,44,19
3315,34,29
3316,57,49
3317,59,24
3318,57,21
3319,49,64
3320,35,17
3321,60,10
3322,46,43
3323,56,25
3324,59,8
3325,57,12
3326,64,22
3327,68,29
3328,51,33
3329,46,40
3330,69,2
3331,33,30
3332,54,69
3333,65,122
3334,45,11
3335,64,17
3336,41,95
3337,54,94
3338,65,109
3339,75,69
3340,69,132
3341,56,28
3342,50,18
3343,35,19
3344,58,2
3345,66,15
3346,65,48
3347,59,62
3348,75,51
3349,48,2
3350,44,85
3351,69,114
3352,54,17
3353,59,142
3354,51,19
3355,41,66
3356,45,50
3357,44,16
3358,68,7
3359,41,54
3360,52,10
3361,41,97
3362,65,60
3363,63,8
3364,65,34
3365,46,35
3366,41,122
3367,73,42
3368,49,46
3369,44,67
3370,52,8
3371,51,31
3372,70,0
3373,59,91
3374,53,8
3375,69,105
3376,59,36
3377,69,37
3378,49,49
3379,56,51
3380,50,29
3381,41,113
3382,66,25
3383,65,121
3384,44,83
3385,73,25
3386,39,35
3387,49,59
3388,57,10
3389,38,11
3390,69,41
3391,48,32
3392,59,123
3393,34,11
3394,57,30
3395,38,10
3396,49,23
3397,58,17
3398,60,51
3399,75,53
3400,73,18
3401,39,9
3402,65,90
3403,71,0
3404,75,67
3405,59,128
3406,59,34
3407,33,24
3408,39,28
3409,64,32
3410,60,33
3411,59,131
3412,69,61
3413,50,14
3414,66,20
3415,33,20
3416,41,92
3417,65,15
3418,59,18
3419,59,57
3420,57,28
3421,49,74
3422,56,38
3423,45,22
3424,59,117
3425,75,22
3426,40,34
3427,64,5
3428,61,23
3429,57,53
3430,60,39
3431,48,4
3432,54,35
3433,59,121
3434,44,45
3435,39,11
3436,69,111
3437,67,1
3438,35,32
3439,44,9
3440,45,25
3441,56,23
3442,39,62
3443,38,16
3444,60,26
3445,66,24
3446,54,22
3447,62,5
3448,65,12
3449,73,57
3450,59,26
3451,49,65
3452,35,11
3453,44,66
3454,48,19
3455,40,23
3456,45,47
3457,65,75
3458,65,6
3459,41,79
3460,46,23
3461,35,27
3462,46,19
3463,51,36
3464,69,50
3465,52,1
3466,57,37
3467,65,77
3468,49,60
3469,75,57
3470,68,37
3471,44,103
3472,56,20
3473,35,44
3474,72,0
3475,49,16
3476,45,42
3477,59,45
3478,54,16
3479,41,14
3480,59,114
3481,45,14
3482,46,38
3483,51,10
3484,35,5
3485,65,55
3486,59,141
3487,54,114
3488,35,8
3489,59,40
3490,54,49
3491,56,39
3492,50,5
3493,65,23
3494,54,62
3495,44,46
3496,54,15
3497,47,18
3498,49,73
3499,54,57
3500,45,68
3501,71,6
3502,57,2
3503,50,6
3504,60,12
3505,50,7
3506,58,11
3507,47,10
3508,48,45
3509,59,64
3510,49,6
3511,73,46
3512,34,32
3513,45,16
3514,69,69
3515,59,71
3516,69,47
3517,59,83
3518,69,9
3519,45,48
3520,44,24
3521,48,25
3522,39,66
3523,45,54
3524,60,5
3525,56,26
3526,64,38
3527,57,52
3528,69,14
3529,57,18
3530,42,1
3531,71,5
3532,56,9
3533,41,1
3534,55,4
3535,65,92
3536,51,35
3537,64,14
3538,44,12
3539,33,14
3540,65,56
3541,44,84
3542,36,1
3543,35,54
3544,63,16
3545,41,102
3546,65,131
3547,73,0
3548,48,7
3549,69,1
3550,69,84
3551,54,42
3552,51,23
3553,51,16
3554,48,9
3555,54,43
3556,66,33
3557,60,7
3558,35,12
3559,49,14
3560,49,11
3561,49,43
3562,45,49
3563,41,105
3564,56,8
3565,47,14
3566,39,58
3567,40,36
3568,49,54
3569,56,4
3570,62,15
3571,60,2
3572,75,15
3573,73,49
3574,37,10
3575,60,67
3576,48,34
3577,36,3
3578,73,7
3579,69,63
3580,59,89
3581,34,22
3582,63,14
3583,41,46
3584,39,16
3585,66,2
3586,41,123
3587,35,60
3588,72,7
3589,44,52
3590,40,48
3591,36,11
3592,64,20
3593,54,80
3594,35,37
3595,59,132
3596,35,10
3597,64,24
3598,50,20
3599,59,56
3600,59,76
3601,41,7
3602,40,39
3603,54,88
3604,46,44
3605,54,24
3606,58,29
3607,49,39
3608,75,1
3609,39,4
3610,39,22
3611,43,2
3612,40,47
3613,59,96
3614,45,55
3615,75,23
3616,45,23
3617,39,27
3618,69,86
3619,45,12
3620,58,1
3621,59,15
3622,57,14
3623,64,39
3624,59,14
3625,63,24
3626,59,58
3627,59,35
3628,69,99
3629,69,19
3630,66,30
3631,38,8
3632,49,44
3633,72,12
3634,49,18
3635,74,0
3636,69,3
3637,47,2
3638,38,6
3639,60,18
3640,56,33
3641,60,50
3642,59,126
3643,74,4
3644,48,31
3645,54,110
3646,41,30
3647,68,36
3648,60,44
3649,44,100
3650,49,68
3651,62,7
3652,54,14
3653,41,27
3654,65,1
3655,61,27
3656,65,86
3657,58,20
3658,45,73
3659,65,85
3660,54,31
3661,49,1
3662,52,11
3663,52,13
3664,35,24
3665,45,76
3666,73,22
3667,45,77
3668,35,22
3669,57,8
3670,54,111
3671,41,42
3672,65,116
3673,59,129
3674,41,22
3675,40,44
3676,53,6
3677,54,120
3678,75,0
3679,57,16
3680,58,37
3681,60,42
3682,33,33
3683,35,28
3684,44,13
3685,63,13
3686,54,28
3687,52,2
3688,50,31
3689,73,11
3690,64,1
3691,35,14
3692,41,124
3693,41,65
3694,75,44
3695,69,85
3696,65,4
3697,67,8
3698,38,18
3699,54,71
3700,41,108
3701,73,30
3702,34,19
3703,58,10
3704,46,32
3705,43,7
3706,65,108
3707,75,52
3708,69,126
3709,44,61
3710,65,103
3711,69,55
3712,75,49
3713,39,33
3714,64,36
3715,44,33
3716,65,40
3717,41,19
3718,60,14
3719,40,42
3720,69,121
3721,49,37
3722,49,63
3723,65,53
3724,57,54
3725,49,67
3726,50,8
3727,54,117
3728,34,33
3729,45,24
3730,39,44
3731,62,8
3732,64,33
3733,45,18
3734,61,7
3735,49,13
3736,69,28
3737,57,47
3738,75,54
3739,68,23
3740,45,62
3741,35,6
3742,54,10
3743,59,107
3744,63,15
3745,44,59
3746,59,17
3747,57,41
3748,56,3
3749,49,9
3750,41,18
3751,65,50
3752,54,20
3753,60,27
3754,44,104
3755,54,89
3756,59,101
3757,69,107
3758,68,9
3759,41,10
3760,65,74
3761,44,101
3762,48,33
3763,34,5
3764,41,90
3765,39,23
3766,65,102
3767,59,86
3768,64,23
3769,52,15
3770,60,64
3771,56,18
3772,34,3
3773,59,5
3774,64,19
3775,59,7
3776,54,9
3777,48,20
3778,45,39
3779,56,14
3780,52,12
3781,59,69
3782,50,19
3783,50,46
3784,56,30
3785,57,6
3786,65,71
3787,44,82
3788,69,76
3789,41,9
3790,51,20
3791,60,4
3792,69,36
3793,56,6
3794,59,32
3795,59,138
3796,41,38
3797,65,3
3798,59,125
3799,46,16
3800,65,64
3801,63,22
3802,46,11
3803,66,36
3804,35,1
3805,46,4
3806,74,2
3807,65,57
3808,54,97
3809,69,123
